Date,City,UV
3/1/2020,New York City,0.8
3/2/2020,New York City,1.3
3/3/2020,New York City,1.3
3/4/2020,New York City,0.8
3/5/2020,New York City,2.1
3/6/2020,New York City,0
3/7/2020,New York City,0
3/8/2020,New York City,1
3/9/2020,New York City,1.7
3/10/2020,New York City,0.7
3/11/2020,New York City,0.7
3/12/2020,New York City,2.5
3/13/2020,New York City,3.6
3/14/2020,New York City,1.6
3/15/2020,New York City,3.4
3/16/2020,New York City,3.3
3/17/2020,New York City,1.5
3/18/2020,New York City,3.7
3/19/2020,New York City,3.4
3/20/2020,New York City,3.7
3/21/2020,New York City,3.5
3/22/2020,New York City,3.6
3/23/2020,New York City,0.8
3/24/2020,New York City,3.3
3/25/2020,New York City,3.3
3/26/2020,New York City,3.9
3/27/2020,New York City,4.3
3/28/2020,New York City,1.5
3/29/2020,New York City,2.7
3/30/2020,New York City,2.4
3/31/2020,New York City,4.4
4/1/2020,New York City,4.4
4/2/2020,New York City,4.9
4/3/2020,New York City,2.4
4/4/2020,New York City,4.3
4/5/2020,New York City,2.7
4/6/2020,New York City,4.1
4/7/2020,New York City,4.1
4/8/2020,New York City,3.4
4/9/2020,New York City,3.1
4/10/2020,New York City,3.3
4/11/2020,New York City,4.8
4/12/2020,New York City,2.7
4/13/2020,New York City,2.6
4/14/2020,New York City,4.9
4/15/2020,New York City,4.2
4/16/2020,New York City,4.2
4/17/2020,New York City,3.9
4/18/2020,New York City,4.7
4/19/2020,New York City,5.1
4/20/2020,New York City,5.1
4/21/2020,New York City,5
4/22/2020,New York City,4.8
4/23/2020,New York City,5.9
4/24/2020,New York City,2.6
4/25/2020,New York City,5.2
4/26/2020,New York City,2
4/27/2020,New York City,2.6
4/28/2020,New York City,5.9
4/29/2020,New York City,5.1
4/30/2020,New York City,3.2
5/1/2020,New York City,2.4
5/2/2020,New York City,5.8
5/3/2020,New York City,6.1
5/4/2020,New York City,2.8
5/5/2020,New York City,5.3
5/6/2020,New York City,3.9
5/7/2020,New York City,5.8
5/8/2020,New York City,4.5
5/9/2020,New York City,4.6
5/10/2020,New York City,5.5
5/11/2020,New York City,5.5
5/12/2020,New York City,5.2
5/13/2020,New York City,5
5/14/2020,New York City,7
5/15/2020,New York City,6.7
5/16/2020,New York City,6.6
5/17/2020,New York City,6.5
5/18/2020,New York City,4.4
5/19/2020,New York City,6
5/20/2020,New York City,6
5/21/2020,New York City,6.6
5/22/2020,New York City,6.5
5/23/2020,New York City,6.8
5/24/2020,New York City,6.4
5/25/2020,New York City,6.5
5/26/2020,New York City,6.2
5/27/2020,New York City,6.5
5/28/2020,New York City,6.5
5/29/2020,New York City,7.4
5/30/2020,New York City,6.7
5/31/2020,New York City,6.5
6/1/2020,New York City,6.5
6/2/2020,New York City,5.2
6/3/2020,New York City,6.2
6/4/2020,New York City,6.2
6/5/2020,New York City,6.8
6/6/2020,New York City,6.6
6/7/2020,New York City,6.8
6/8/2020,New York City,6.8
6/9/2020,New York City,7
6/10/2020,New York City,6.4
6/11/2020,New York City,7.4
6/12/2020,New York City,7.3
6/13/2020,New York City,6.5
6/14/2020,New York City,6.4
6/15/2020,New York City,6.6
6/16/2020,New York City,0
6/17/2020,New York City,6.1
6/18/2020,New York City,6.5
6/19/2020,New York City,6.7
6/20/2020,New York City,6.6
6/21/2020,New York City,7
6/22/2020,New York City,6.8
6/23/2020,New York City,7
6/24/2020,New York City,7.3
6/25/2020,New York City,6.7
6/26/2020,New York City,6.5
6/27/2020,New York City,3.3
6/28/2020,New York City,7.2
6/29/2020,New York City,6.5
6/30/2020,New York City,4.3
7/1/2020,New York City,7.4
7/2/2020,New York City,7.4
7/3/2020,New York City,6.7
7/4/2020,New York City,6.8
7/5/2020,New York City,6.6
7/6/2020,New York City,6.4
7/7/2020,New York City,6.8
7/8/2020,New York City,6.9
7/9/2020,New York City,6.7
7/10/2020,New York City,6.6
7/11/2020,New York City,7.4
7/12/2020,New York City,7
7/13/2020,New York City,7.1
7/14/2020,New York City,7.2
7/15/2020,New York City,7
7/16/2020,New York City,4.4
7/17/2020,New York City,7.7
7/18/2020,New York City,6.5
7/19/2020,New York City,6.7
7/20/2020,New York City,6.8
7/21/2020,New York City,7.8
7/22/2020,New York City,5.9
7/23/2020,New York City,7.3
7/24/2020,New York City,6.7
7/25/2020,New York City,6.3
7/26/2020,New York City,7
7/27/2020,New York City,6.7
7/28/2020,New York City,6.5
7/29/2020,New York City,5.3
7/30/2020,New York City,6.6
7/31/2020,New York City,6.6
8/1/2020,New York City,6.7
8/2/2020,New York City,7.5
8/3/2020,New York City,7
8/4/2020,New York City,1.2
8/5/2020,New York City,6.6
8/6/2020,New York City,6.7
8/7/2020,New York City,6.2
8/8/2020,New York City,6
8/9/2020,New York City,6.1
8/10/2020,New York City,6.6
8/11/2020,New York City,6
8/12/2020,New York City,6.4
8/13/2020,New York City,6
8/14/2020,New York City,5.8
8/15/2020,New York City,5.9
8/16/2020,New York City,6.2
8/17/2020,New York City,6
8/18/2020,New York City,6.2
8/19/2020,New York City,6.4
8/20/2020,New York City,5.8
8/21/2020,New York City,5.9
8/22/2020,New York City,5.8
8/23/2020,New York City,5.2
8/24/2020,New York City,5.5
8/25/2020,New York City,6.1
8/26/2020,New York City,5.7
8/27/2020,New York City,1.4
8/28/2020,New York City,5.6
8/29/2020,New York City,6.2
8/30/2020,New York City,5.9
8/31/2020,New York City,5.7
9/1/2020,New York City,4.5
9/2/2020,New York City,5.4
9/3/2020,New York City,4.9
9/4/2020,New York City,5.7
9/5/2020,New York City,5.3
9/6/2020,New York City,5.1
9/7/2020,New York City,4.4
9/8/2020,New York City,4.7
9/9/2020,New York City,4.4
9/10/2020,New York City,4.4
9/11/2020,New York City,5.5
9/12/2020,New York City,4.8
9/13/2020,New York City,1.6
9/14/2020,New York City,3.7
9/15/2020,New York City,2.6
9/16/2020,New York City,3.4
9/17/2020,New York City,1.2
9/18/2020,New York City,4.2
9/19/2020,New York City,3.9
9/20/2020,New York City,3.8
9/21/2020,New York City,3.9
9/22/2020,New York City,3.2
9/23/2020,New York City,4
9/24/2020,New York City,3.7
9/25/2020,New York City,3.3
9/26/2020,New York City,3.8
9/27/2020,New York City,3.1
9/28/2020,New York City,4.1
9/29/2020,New York City,1.3
9/30/2020,New York City,3.5
10/1/2020,New York City,4.1
10/2/2020,New York City,3.3
10/3/2020,New York City,2.2
10/4/2020,New York City,3.7
10/5/2020,New York City,2.7
10/6/2020,New York City,3.7
10/7/2020,New York City,2.4
10/8/2020,New York City,3.8
10/9/2020,New York City,3.4
10/10/2020,New York City,2.8
10/11/2020,New York City,3.2
10/12/2020,New York City,3
10/13/2020,New York City,1.1
10/14/2020,New York City,3
10/15/2020,New York City,3.1
10/16/2020,New York City,0.6
10/17/2020,New York City,2.5
10/18/2020,New York City,2
10/19/2020,New York City,0.5
10/20/2020,New York City,0.9
10/21/2020,New York City,2
10/22/2020,New York City,1.1
10/23/2020,New York City,2.5
10/24/2020,New York City,1.9
10/25/2020,New York City,2
10/26/2020,New York City,0
10/27/2020,New York City,1.6
10/28/2020,New York City,1.3
10/29/2020,New York City,0.5
10/30/2020,New York City,2.4
10/31/2020,New York City,2.3
11/1/2020,New York City,1.2
11/2/2020,New York City,2.2
11/3/2020,New York City,2.1
11/4/2020,New York City,2.1
11/5/2020,New York City,2.2
11/6/2020,New York City,2
11/7/2020,New York City,2.1
11/8/2020,New York City,2.2
11/9/2020,New York City,2.3
11/10/2020,New York City,2.3
11/11/2020,New York City,0.6
11/12/2020,New York City,1.7
11/13/2020,New York City,1.7
11/14/2020,New York City,1.1
11/15/2020,New York City,0.7
11/16/2020,New York City,0.8
11/17/2020,New York City,0.9
11/18/2020,New York City,1.1
11/19/2020,New York City,1.7
11/20/2020,New York City,0.8
11/21/2020,New York City,1.6
11/22/2020,New York City,0.9
11/23/2020,New York City,0.7
11/24/2020,New York City,1.3
11/25/2020,New York City,0.7
11/26/2020,New York City,1.1
11/27/2020,New York City,0.6
11/28/2020,New York City,1.3
11/29/2020,New York City,1.5
11/30/2020,New York City,0.5
12/1/2020,New York City,1.4
12/2/2020,New York City,0
12/3/2020,New York City,1.4
12/4/2020,New York City,0.7
12/5/2020,New York City,0.7
12/6/2020,New York City,0.8
12/7/2020,New York City,0.7
12/8/2020,New York City,0.5
12/9/2020,New York City,0
12/10/2020,New York City,1.2
12/11/2020,New York City,1.3
12/12/2020,New York City,0.7
12/13/2020,New York City,0.6
12/14/2020,New York City,0.5
12/15/2020,New York City,1.4
12/16/2020,New York City,1.1
12/17/2020,New York City,0.6
12/18/2020,New York City,0.9
12/19/2020,New York City,1
12/20/2020,New York City,0.5
12/21/2020,New York City,1.1
12/22/2020,New York City,1.3
12/23/2020,New York City,1.2
12/24/2020,New York City,0
12/25/2020,New York City,0.6
12/26/2020,New York City,0.9
12/27/2020,New York City,0.8
12/28/2020,New York City,0
12/29/2020,New York City,0
12/30/2020,New York City,1
12/31/2020,New York City,1
1/1/2021,New York City,0.9
1/2/2021,New York City,0.8
1/3/2021,New York City,1
1/4/2021,New York City,0
1/5/2021,New York City,0.6
1/6/2021,New York City,0.7
1/7/2021,New York City,0.5
1/8/2021,New York City,1.4
1/9/2021,New York City,1.1
1/10/2021,New York City,0.6
1/11/2021,New York City,0.9
1/12/2021,New York City,0
1/13/2021,New York City,0.5
1/14/2021,New York City,0
1/15/2021,New York City,1.2
1/16/2021,New York City,0
1/17/2021,New York City,0.5
1/18/2021,New York City,0
1/19/2021,New York City,0.8
1/20/2021,New York City,1.5
1/21/2021,New York City,0.6
1/22/2021,New York City,1
1/23/2021,New York City,1.4
1/24/2021,New York City,1.6
1/25/2021,New York City,1.6
1/26/2021,New York City,0.6
1/27/2021,New York City,0
1/28/2021,New York City,1.9
1/29/2021,New York City,1.8
1/30/2021,New York City,1.5
1/31/2021,New York City,1.3
2/1/2021,New York City,1.4
2/2/2021,New York City,1.2
2/3/2021,New York City,0.7
2/4/2021,New York City,2
2/5/2021,New York City,2.2
2/6/2021,New York City,2.1
2/7/2021,New York City,1.2
2/8/2021,New York City,2
2/9/2021,New York City,0.8
2/10/2021,New York City,2.3
2/11/2021,New York City,2.3
2/12/2021,New York City,1.9
2/13/2021,New York City,2.6
2/14/2021,New York City,1.5
2/15/2021,New York City,1.3
2/16/2021,New York City,1.3
2/17/2021,New York City,2.5
2/18/2021,New York City,1.6
2/19/2021,New York City,1.4
2/20/2021,New York City,2.6
2/21/2021,New York City,2.2
2/22/2021,New York City,0
2/23/2021,New York City,1.2
2/24/2021,New York City,2.4
2/25/2021,New York City,3.2
2/26/2021,New York City,3.2
2/27/2021,New York City,1.4
2/28/2021,New York City,1.5
3/1/2021,New York City,2.3
3/2/2021,New York City,2.7
3/3/2021,New York City,2.9
3/4/2021,New York City,3
3/5/2021,New York City,2.8
3/6/2021,New York City,2.1
3/7/2021,New York City,2.9
3/8/2021,New York City,3.1
3/9/2021,New York City,3.3
3/10/2021,New York City,3.3
3/11/2021,New York City,3.4
3/12/2021,New York City,3.2
3/13/2021,New York City,3.2
3/14/2021,New York City,2.3
3/15/2021,New York City,3.2
3/16/2021,New York City,1.5
3/17/2021,New York City,3.4
3/18/2021,New York City,0.7
3/19/2021,New York City,3.2
3/20/2021,New York City,3.3
3/21/2021,New York City,3.8
3/22/2021,New York City,4
3/23/2021,New York City,4.1
3/24/2021,New York City,1
3/25/2021,New York City,4.1
3/26/2021,New York City,4.4
3/27/2021,New York City,3.7
3/28/2021,New York City,0.6
3/29/2021,New York City,3.7
3/30/2021,New York City,4.1
3/31/2021,New York City,0.9
4/1/2021,New York City,2.5
4/2/2021,New York City,3.3
4/3/2021,New York City,3.6
4/4/2021,New York City,3.9
4/5/2021,New York City,3.8
4/6/2021,New York City,3.7
4/7/2021,New York City,4.6
4/8/2021,New York City,4
4/9/2021,New York City,4.2
4/10/2021,New York City,4
4/11/2021,New York City,3.3
4/12/2021,New York City,1
4/13/2021,New York City,4.9
4/14/2021,New York City,4.5
4/15/2021,New York City,2.3
4/16/2021,New York City,2.2
4/17/2021,New York City,4
4/18/2021,New York City,4.4
4/19/2021,New York City,4.8
4/20/2021,New York City,3.2
4/21/2021,New York City,2.4
4/22/2021,New York City,4.1
4/23/2021,New York City,4
4/24/2021,New York City,4.2
4/25/2021,New York City,3.3
4/26/2021,New York City,4.3
4/27/2021,New York City,3.3
4/28/2021,New York City,3.5
4/29/2021,New York City,0.9
4/30/2021,New York City,2
5/1/2021,New York City,5
5/2/2021,New York City,4.4
5/3/2021,New York City,5.3
5/4/2021,New York City,4
5/5/2021,New York City,1.3
5/6/2021,New York City,4.9
5/7/2021,New York City,4.1
5/8/2021,New York City,2
5/9/2021,New York City,4.9
5/10/2021,New York City,5.6
5/11/2021,New York City,5.2
5/12/2021,New York City,5.4
5/13/2021,New York City,5.4
5/14/2021,New York City,4.9
5/15/2021,New York City,4.8
5/16/2021,New York City,4.8
5/17/2021,New York City,4.7
5/18/2021,New York City,4.9
5/19/2021,New York City,5.2
5/20/2021,New York City,5.4
5/21/2021,New York City,5.4
5/22/2021,New York City,3.6
5/23/2021,New York City,6.1
5/24/2021,New York City,5.3
5/25/2021,New York City,6.3
5/26/2021,New York City,6.1
5/27/2021,New York City,6.6
5/28/2021,New York City,1.5
5/29/2021,New York City,5.9
5/30/2021,New York City,2.2
5/31/2021,New York City,6
6/1/2021,New York City,5.3
6/2/2021,New York City,4.6
6/3/2021,New York City,4
6/4/2021,New York City,5.4
6/5/2021,New York City,5.3
6/6/2021,New York City,5.2
6/7/2021,New York City,5.7
6/8/2021,New York City,7.2
6/9/2021,New York City,6.4
6/10/2021,New York City,6.4
6/11/2021,New York City,7
6/12/2021,New York City,6.8
6/13/2021,New York City,6.2
6/14/2021,New York City,6
6/15/2021,New York City,6.6
6/16/2021,New York City,6.2
6/17/2021,New York City,6
6/18/2021,New York City,5.6
6/19/2021,New York City,6.3
6/20/2021,New York City,6
6/21/2021,New York City,6.7
6/22/2021,New York City,3.2
6/23/2021,New York City,5.9
6/24/2021,New York City,5.9
6/25/2021,New York City,6.7
6/26/2021,New York City,6.5
6/27/2021,New York City,6.7
6/28/2021,New York City,7
6/29/2021,New York City,6.6
6/30/2021,New York City,7.1
7/1/2021,New York City,5.3
7/2/2021,New York City,5.2
7/3/2021,New York City,6.5
7/4/2021,New York City,6.3
7/5/2021,New York City,5.3
7/6/2021,New York City,5.6
7/7/2021,New York City,5.9
7/8/2021,New York City,0
7/9/2021,New York City,0
7/10/2021,New York City,0
7/11/2021,New York City,0
7/12/2021,New York City,0
7/13/2021,New York City,0
7/14/2021,New York City,0
7/15/2021,New York City,0
7/16/2021,New York City,6.1
7/17/2021,New York City,4
7/18/2021,New York City,3.2
7/19/2021,New York City,4.5
7/20/2021,New York City,3.9
7/21/2021,New York City,6
7/22/2021,New York City,5.7
7/23/2021,New York City,5.8
7/24/2021,New York City,5.9
7/25/2021,New York City,5.8
7/26/2021,New York City,5
7/27/2021,New York City,5.4
7/28/2021,New York City,5.9
7/29/2021,New York City,2.8
7/30/2021,New York City,6.2
7/31/2021,New York City,6
8/1/2021,New York City,3
8/2/2021,New York City,5.7
8/3/2021,New York City,5.9
8/4/2021,New York City,5.5
8/5/2021,New York City,5.4
8/6/2021,New York City,5.8
8/7/2021,New York City,4.9
8/8/2021,New York City,5.4
8/9/2021,New York City,5.5
8/10/2021,New York City,6.2
8/11/2021,New York City,5.6
8/12/2021,New York City,5.8
8/13/2021,New York City,5.9
8/14/2021,New York City,5.9
8/15/2021,New York City,5.9
8/16/2021,New York City,5.6
8/17/2021,New York City,4.1
8/18/2021,New York City,2.7
8/19/2021,New York City,3.2
8/20/2021,New York City,5.4
8/21/2021,New York City,6.3
8/22/2021,New York City,5.9
8/23/2021,New York City,6.1
8/24/2021,New York City,5.3
8/25/2021,New York City,4.6
8/26/2021,New York City,5
8/27/2021,New York City,4.8
8/28/2021,New York City,5.4
8/29/2021,New York City,5.6
8/30/2021,New York City,5.6
8/31/2021,New York City,5.2
9/1/2021,New York City,1.1
9/2/2021,New York City,4.1
9/3/2021,New York City,5.7
9/4/2021,New York City,5.2
9/5/2021,New York City,2.4
9/6/2021,New York City,4.8
9/7/2021,New York City,5
9/8/2021,New York City,4.3
9/9/2021,New York City,4.6
9/10/2021,New York City,4.5
9/11/2021,New York City,4.3
9/12/2021,New York City,1.5
9/13/2021,New York City,4.8
9/14/2021,New York City,3.5
9/15/2021,New York City,2
9/16/2021,New York City,4.6
9/17/2021,New York City,4.3
9/18/2021,New York City,3.2
9/19/2021,New York City,4.2
9/20/2021,New York City,4.3
9/21/2021,New York City,3.6
9/22/2021,New York City,2.2
9/23/2021,New York City,1.8
9/24/2021,New York City,4
9/25/2021,New York City,3.9
9/26/2021,New York City,3.6
9/27/2021,New York City,3.5
9/28/2021,New York City,3.5
9/29/2021,New York City,4
9/30/2021,New York City,2.7
10/1/2021,New York City,3.6
10/2/2021,New York City,3.4
10/3/2021,New York City,1.6
10/4/2021,New York City,0.9
10/5/2021,New York City,1.1
10/6/2021,New York City,4.1
10/7/2021,New York City,3.6
10/8/2021,New York City,3.2
10/9/2021,New York City,3.5
10/10/2021,New York City,3.4
10/11/2021,New York City,3.1
10/12/2021,New York City,3.2
10/13/2021,New York City,2.9
10/14/2021,New York City,3.2
10/15/2021,New York City,3.1
10/16/2021,New York City,1.5
10/17/2021,New York City,2.2
10/18/2021,New York City,2.2
10/19/2021,New York City,2.6
10/20/2021,New York City,2.6
10/21/2021,New York City,2
10/22/2021,New York City,2.7
10/23/2021,New York City,2.2
10/24/2021,New York City,2.4
10/25/2021,New York City,1.8
10/26/2021,New York City,0
10/27/2021,New York City,2.1
10/28/2021,New York City,2.1
10/29/2021,New York City,2.2
10/30/2021,New York City,1.6
10/31/2021,New York City,1
